subjectGroup,browser,version,screenWidth,screenHeight,OS,OS_lang,GMT_timestamp,local_timestamp,trial_file_version,link,calibration,id,age,gender,ethnicity,duration_s
"3",Chrome,121.0.0.0,1920,1080,Windows,en-GB,2024-02-05_11:27:19,2024-02-05_11:27:19,2023-12-13_11:01:32,https://www.testable.org/experiment/14865/146518/start,0.75,SM56,"19",woman,Other,377.982

rowNo,type,stim1,stimFormat,ITI,key,keyboard,random,head,body,responseType,responseOptions,pageBreak,fixation,subjectGroup,cursor,identity condition,Time,time_block,ITI_ms,ITI_f,ITI_fDuration,timestamp,response,RT,correct,responseCode
"297",test,DV_097_C2_007_00,.jpg,"800",l,s l,"1","","","","","",ITI,"3",hide,Mismatch,absent,"1",801,48,"16.68",90973,l,1908,"1",""
"261",test,C2_034_DV_034_00,.jpg,"800",s,s l,"1","","","","","",ITI,"3",hide,Match,absent,"1",801,48,"16.68",93414,l,1647,"0",""
"259",test,DV_087_C2_087_00,.jpg,"800",s,s l,"1","","","","","",ITI,"3",hide,Match,absent,"1",801,48,"16.68",96053,s,1849,"1",""
"280",test,C2_243_DV_243_00,.jpg,"800",s,s l,"1","","","","","",ITI,"3",hide,Mismatch,absent,"1",801,48,"16.69",97924,s,1085,"1",""
"266",test,C2_207_DV_207_00,.jpg,"800",s,s l,"1","","","","","",ITI,"3",hide,Match,absent,"1",801,48,"16.69",100702,s,1977,"1",""
"258",test,DV_167_C2_167_00,.jpg,"800",s,s l,"1","","","","","",ITI,"3",hide,Match,absent,"1",801,48,"16.69",103870,s,2375,"1",""
"255",test,C2_302_DV_302_00,.jpg,"800",s,s l,"1","","","","","",ITI,"3",hide,Match,absent,"1",801,48,"16.68",106614,s,1949,"1",""
"283",test,C2_003_DV_018_00,.jpg,"800",l,s l,"1","","","","","",ITI,"3",hide,Mismatch,absent,"1",801,48,"16.69",108438,l,1038,"1",""
"298",test,C2_261_DV_201_00,.jpg,"800",l,s l,"1","","","","","",ITI,"3",hide,Mismatch,absent,"1",801,48,"16.68",110158,l,924,"1",""
"260",test,DV_103_C2_103_00,.jpg,"800",s,s l,"1","","","","","",ITI,"3",hide,Match,absent,"1",801,48,"16.69",112917,s,1963,"1",""
"274",test,DV_089_C2_089_00,.jpg,"800",s,s l,"1","","","","","",ITI,"3",hide,Match,absent,"1",801,48,"16.68",115316,s,1610,"1",""
"291",test,C2_011_DV_049_00,.jpg,"800",l,s l,"1","","","","","",ITI,"3",hide,Mismatch,absent,"1",801,48,"16.68",116917,l,808,"1",""
"310",test,C2_242_DV_254_00,.jpg,"800",l,s l,"1","","","","","",ITI,"3",hide,Mismatch,absent,"1",801,48,"16.68",118606,l,896,"1",""
"257",test,C2_152_DV_152_00,.jpg,"800",s,s l,"1","","","","","",ITI,"3",hide,Match,absent,"1",801,48,"16.68",120566,s,1170,"1",""
"279",test,C2_257_DV_257_00,.jpg,"800",s,s l,"1","","","","","",ITI,"3",hide,Match,absent,"1",801,48,"16.68",122454,s,1090,"1",""
"267",test,DV_041_C2_041_00,.jpg,"800",s,s l,"1","","","","","",ITI,"3",hide,Match,absent,"1",801,48,"16.68",124204,s,955,"1",""
"265",test,DV_046_C2_046_00,.jpg,"800",s,s l,"1","","","","","",ITI,"3",hide,Match,absent,"1",801,48,"16.69",126189,s,1189,"1",""
"275",test,DV_147_C2_147_00,.jpg,"800",s,s l,"1","","","","","",ITI,"3",hide,Match,absent,"1",801,48,"16.68",127916,s,931,"1",""
"270",test,DV_137_C2_137_00,.jpg,"800",s,s l,"1","","","","","",ITI,"3",hide,Match,absent,"1",801,48,"16.69",130693,s,1988,"1",""
"301",test,DV_219_C2_135_00,.jpg,"800",l,s l,"1","","","","","",ITI,"3",hide,Mismatch,absent,"1",801,48,"16.68",132805,l,1314,"1",""
"288",test,DV_295_C2_216_00,.jpg,"800",l,s l,"1","","","","","",ITI,"3",hide,Mismatch,absent,"1",801,48,"16.68",134582,l,990,"1",""
"309",test,C2_265_DV_287_00,.jpg,"800",l,s l,"1","","","","","",ITI,"3",hide,Mismatch,absent,"1",801,48,"16.68",136261,l,884,"1",""
"286",test,DV_024_C2_085_00,.jpg,"800",l,s l,"1","","","","","",ITI,"3",hide,Mismatch,absent,"1",801,48,"16.69",137910,l,864,"1",""
"282",test,DV_091_C2_211_00,.jpg,"800",l,s l,"1","","","","","",ITI,"3",hide,Mismatch,absent,"1",801,48,"16.68",139541,l,844,"1",""
"305",test,DV_231_C2_259_00,.jpg,"800",l,s l,"1","","","","","",ITI,"3",hide,Mismatch,absent,"1",801,48,"16.68",141269,l,936,"1",""
"304",test,DV_154_C2_042_00,.jpg,"800",l,s l,"1","","","","","",ITI,"3",hide,Mismatch,absent,"1",801,48,"16.69",142830,l,761,"1",""
"271",test,DV_141_C2_141_00,.jpg,"800",s,s l,"1","","","","","",ITI,"3",hide,Match,absent,"1",801,48,"16.69",144878,s,1258,"1",""
"299",test,DV_208_C2_206_00,.jpg,"800",l,s l,"1","","","","","",ITI,"3",hide,Mismatch,absent,"1",801,48,"16.68",146525,l,853,"1",""
"293",test,C2_123_DV_223_00,.jpg,"800",l,s l,"1","","","","","",ITI,"3",hide,Mismatch,absent,"1",801,48,"16.68",148444,l,1121,"1",""
"263",test,C2_155_DV_155_00,.jpg,"800",s,s l,"1","","","","","",ITI,"3",hide,Match,absent,"1",801,48,"16.69",150238,s,995,"1",""
"284",test,C2_031_DV_083_00,.jpg,"800",l,s l,"1","","","","","",ITI,"3",hide,Mismatch,absent,"1",801,48,"16.68",151861,l,835,"1",""
"276",test,C2_157_DV_157_00,.jpg,"800",s,s l,"1","","","","","",ITI,"3",hide,Match,absent,"1",801,48,"16.69",154060,s,1398,"1",""
"294",test,C2_246_DV_160_00,.jpg,"800",l,s l,"1","","","","","",ITI,"3",hide,Mismatch,absent,"1",801,48,"16.69",155766,l,919,"1",""
"292",test,C2_171_DV_185_00,.jpg,"800",l,s l,"1","","","","","",ITI,"3",hide,Mismatch,absent,"1",801,48,"16.69",157820,l,1255,"1",""
"278",test,C2_194_DV_194_00,.jpg,"800",s,s l,"1","","","","","",ITI,"3",hide,Match,absent,"1",801,48,"16.68",160038,s,1420,"1",""
"273",test,C2_153_DV_153_00,.jpg,"800",s,s l,"1","","","","","",ITI,"3",hide,Match,absent,"1",801,48,"16.68",161678,l,841,"0",""
"268",test,C2_256_DV_256_00,.jpg,"800",s,s l,"1","","","","","",ITI,"3",hide,Match,absent,"1",801,48,"16.68",163349,s,877,"1",""
"272",test,DV_100_C2_100_00,.jpg,"800",s,s l,"1","","","","","",ITI,"3",hide,Match,absent,"1",801,48,"16.69",166221,s,2080,"1",""
"287",test,C2_099_DV_025_00,.jpg,"800",l,s l,"1","","","","","",ITI,"3",hide,Mismatch,absent,"1",801,48,"16.68",168349,l,1339,"1",""
"253",test,C2_014_DV_014_00,.jpg,"800",s,s l,"1","","","","","",ITI,"3",hide,Match,absent,"1",801,48,"16.69",170222,l,1076,"0",""
"277",test,DV_027_C2_027_00,.jpg,"800",s,s l,"1","","","","","",ITI,"3",hide,Match,absent,"1",801,48,"16.68",172140,s,1126,"1",""
"252",test,DV_015_C2_015_00,.jpg,"800",s,s l,"1","","","","","",ITI,"3",hide,Match,absent,"1",801,48,"16.69",174501,s,1569,"1",""
"269",test,DV_127_C2_127_00,.jpg,"800",s,s l,"1","","","","","",ITI,"3",hide,Match,absent,"1",801,48,"16.68",176692,s,1392,"1",""
"302",test,DV_170_C2_270_00,.jpg,"800",l,s l,"1","","","","","",ITI,"3",hide,Mismatch,absent,"1",801,48,"16.68",178533,l,1047,"1",""
"306",test,C2_139_DV_120_00,.jpg,"800",l,s l,"1","","","","","",ITI,"3",hide,Mismatch,absent,"1",801,48,"16.69",180228,l,906,"1",""
"285",test,DV_052_C2_264_00,.jpg,"800",l,s l,"1","","","","","",ITI,"3",hide,Mismatch,absent,"1",801,48,"16.68",182396,l,1373,"1",""
"307",test,DV_094_C2_022_00,.jpg,"800",l,s l,"1","","","","","",ITI,"3",hide,Mismatch,absent,"1",801,48,"16.69",184748,l,1557,"1",""
"290",test,DV_178_C2_060_00,.jpg,"800",l,s l,"1","","","","","",ITI,"3",hide,Mismatch,absent,"1",801,48,"16.69",186446,l,902,"1",""
"256",test,C2_293_DV_293_00,.jpg,"800",s,s l,"1","","","","","",ITI,"3",hide,Match,absent,"1",801,48,"16.68",188429,l,1183,"0",""
"254",test,C2_045_DV_045_00,.jpg,"800",s,s l,"1","","","","","",ITI,"3",hide,Match,absent,"1",801,48,"16.69",190598,s,1384,"1",""
"264",test,C2_247_DV_247_00,.jpg,"800",s,s l,"1","","","","","",ITI,"3",hide,Match,absent,"1",801,48,"16.68",192366,s,981,"1",""
"308",test,C2_205_DV_048_00,.jpg,"800",l,s l,"1","","","","","",ITI,"3",hide,Mismatch,absent,"1",800,48,"16.68",194101,l,950,"1",""
"262",test,C2_172_DV_172_00,.jpg,"800",s,s l,"1","","","","","",ITI,"3",hide,Match,absent,"1",801,48,"16.68",195998,s,1111,"1",""
"296",test,C2_218_DV_109_00,.jpg,"800",l,s l,"1","","","","","",ITI,"3",hide,Mismatch,absent,"1",801,48,"16.69",197653,l,863,"1",""
"300",test,DV_215_C2_050_00,.jpg,"800",l,s l,"1","","","","","",ITI,"3",hide,Mismatch,absent,"1",801,48,"16.68",199294,l,852,"1",""
"281",test,C2_075_DV_074_00,.jpg,"800",l,s l,"1","","","","","",ITI,"3",hide,Mismatch,absent,"1",801,48,"16.68",200981,l,888,"1",""
"251",test,C2_113_DV_113_00,.jpg,"800",s,s l,"1","","","","","",ITI,"3",hide,Match,absent,"1",801,48,"16.68",203964,s,2187,"1",""
"289",test,DV_143_C2_132_00,.jpg,"800",l,s l,"1","","","","","",ITI,"3",hide,Mismatch,absent,"1",801,48,"16.68",205742,l,979,"1",""
"295",test,DV_114_C2_126_00,.jpg,"800",l,s l,"1","","","","","",ITI,"3",hide,Mismatch,absent,"1",801,48,"16.68",207422,l,889,"1",""
"303",test,C2_108_DV_282_00,.jpg,"800",l,s l,"1","","","","","",ITI,"3",hide,Mismatch,absent,"1",801,48,"16.68",209470,l,1252,"1",""
"311",form,"","","","","","",How stressed did you feel during the previous task?,"-10 being completely relaxed, 0 being neither relaxed nor stressed, and +10 being extremely stressed",slider,-10_10_1,"1","","3","","",absent,"",801,"","",221478,-9,11476,"0",-9
"322",test,C2_291_DV_291_00,.jpg,"800",s,s l,"2","","","","","",ITI,"3",hide,Match,present,"2",801,48,"16.68",243494,l,2260,"0",""
"329",test,C2_258_DV_258_00,.jpg,"800",s,s l,"2","","","","","",ITI,"3",hide,Match,present,"2",801,48,"16.68",245612,s,1325,"1",""
"317",test,C2_053_DV_053_00,.jpg,"800",s,s l,"2","","","","","",ITI,"3",hide,Match,present,"2",801,48,"16.69",247446,s,1040,"1",""
"355",test,C2_070_DV_128_00,.jpg,"800",l,s l,"2","","","","","",ITI,"3",hide,Mismatch,present,"2",801,48,"16.68",249629,l,1388,"1",""
"365",test,DV_299_C2_111_00,.jpg,"800",l,s l,"2","","","","","",ITI,"3",hide,Mismatch,present,"2",801,48,"16.69",251237,l,810,"1",""
"358",test,C2_023_DV_304_00,.jpg,"800",l,s l,"2","","","","","",ITI,"3",hide,Mismatch,present,"2",801,48,"16.69",252910,l,882,"1",""
"339",test,DV_008_C2_008_00,.jpg,"800",s,s l,"2","","","","","",ITI,"3",hide,Match,present,"2",801,48,"16.68",254918,s,1221,"1",""
"350",test,DV_203_C2_277_00,.jpg,"800",l,s l,"2","","","","","",ITI,"3",hide,Mismatch,present,"2",801,48,"16.68",256789,l,1075,"1",""
"347",test,C2_035_DV_019_00,.jpg,"800",l,s l,"2","","","","","",ITI,"3",hide,Mismatch,present,"2",801,48,"16.68",258509,l,927,"1",""
"323",test,C2_226_DV_226_00,.jpg,"800",s,s l,"2","","","","","",ITI,"3",hide,Match,present,"2",801,48,"16.68",260749,s,1448,"1",""
"341",test,DV_166_C2_166_00,.jpg,"800",s,s l,"2","","","","","",ITI,"3",hide,Match,present,"2",801,48,"16.68",263756,s,2219,"1",""
"368",test,DV_303_C2_217_00,.jpg,"800",l,s l,"2","","","","","",ITI,"3",hide,Mismatch,present,"2",801,48,"16.68",265540,l,984,"1",""
"321",test,C2_294_DV_294_00,.jpg,"800",s,s l,"2","","","","","",ITI,"3",hide,Match,present,"2",801,48,"16.69",267252,l,927,"0",""
"360",test,C2_095_DV_229_00,.jpg,"800",l,s l,"2","","","","","",ITI,"3",hide,Mismatch,present,"2",801,48,"16.68",269156,l,1113,"1",""
"334",test,C2_131_DV_131_00,.jpg,"800",s,s l,"2","","","","","",ITI,"3",hide,Match,present,"2",801,48,"16.68",271292,s,1347,"1",""
"367",test,C2_051_DV_238_00,.jpg,"800",l,s l,"2","","","","","",ITI,"3",hide,Mismatch,present,"2",801,48,"16.68",272996,l,915,"1",""
"354",test,C2_092_DV_227_00,.jpg,"800",l,s l,"2","","","","","",ITI,"3",hide,Mismatch,present,"2",801,48,"16.68",275148,l,1366,"1",""
"337",test,C2_105_DV_105_00,.jpg,"800",s,s l,"2","","","","","",ITI,"3",hide,Match,present,"2",801,48,"16.69",277372,s,1438,"1",""
"344",test,DV_059_C2_055_00,.jpg,"800",l,s l,"2","","","","","",ITI,"3",hide,Mismatch,present,"2",801,48,"16.68",279124,l,954,"1",""
"371",test,DV_237_C2_297_00,.jpg,"800",l,s l,"2","","","","","",ITI,"3",hide,Mismatch,present,"2",801,48,"16.68",280788,l,867,"1",""
"340",test,C2_071_DV_071_00,.jpg,"800",s,s l,"2","","","","","",ITI,"3",hide,Match,present,"2",801,48,"16.68",283228,s,1655,"1",""
"336",test,C2_260_DV_260_00,.jpg,"800",s,s l,"2","","","","","",ITI,"3",hide,Match,present,"2",801,48,"16.68",284820,l,794,"0",""
"370",test,C2_037_DV_030_00,.jpg,"800",l,s l,"2","","","","","",ITI,"3",hide,Mismatch,present,"2",801,48,"16.68",286612,l,1002,"1",""
"343",test,C2_290_DV_290_00,.jpg,"800",s,s l,"2","","","","","",ITI,"3",hide,Mismatch,present,"2",801,48,"16.68",288572,s,1160,"1",""
"331",test,C2_271_DV_271_00,.jpg,"800",s,s l,"2","","","","","",ITI,"3",hide,Match,present,"2",801,48,"16.69",290412,l,1048,"0",""
"372",test,C2_077_DV_133_00,.jpg,"800",l,s l,"2","","","","","",ITI,"3",hide,Mismatch,present,"2",801,48,"16.69",292244,l,1045,"1",""
"314",test,DV_002_C2_002_00,.jpg,"800",s,s l,"2","","","","","",ITI,"3",hide,Match,present,"2",801,48,"16.69",294156,s,1121,"1",""
"325",test,C2_112_DV_112_00,.jpg,"800",s,s l,"2","","","","","",ITI,"3",hide,Match,present,"2",801,48,"16.69",296692,s,1739,"1",""
"324",test,C2_142_DV_142_00,.jpg,"800",s,s l,"2","","","","","",ITI,"3",hide,Match,present,"2",801,48,"16.68",298756,s,1267,"1",""
"356",test,DV_130_C2_253_00,.jpg,"800",l,s l,"2","","","","","",ITI,"3",hide,Mismatch,present,"2",801,48,"16.69",300740,l,1199,"1",""
"327",test,DV_004_C2_004_00,.jpg,"800",s,s l,"2","","","","","",ITI,"3",hide,Match,present,"2",801,48,"16.68",302620,s,1093,"1",""
"345",test,C2_038_DV_081_00,.jpg,"800",l,s l,"2","","","","","",ITI,"3",hide,Mismatch,present,"2",801,48,"16.68",304180,l,768,"1",""
"326",test,DV_064_C2_064_00,.jpg,"800",s,s l,"2","","","","","",ITI,"3",hide,Match,present,"2",801,48,"16.68",306636,s,1656,"1",""
"349",test,C2_179_DV_021_00,.jpg,"800",l,s l,"2","","","","","",ITI,"3",hide,Mismatch,present,"2",801,48,"16.68",308716,s,1284,"0",""
"359",test,C2_288_DV_255_00,.jpg,"800",l,s l,"2","","","","","",ITI,"3",hide,Mismatch,present,"2",801,48,"16.68",310412,l,911,"1",""
"373",test,DV_013_C2_235_00,.jpg,"800",l,s l,"2","","","","","",ITI,"3",hide,Mismatch,present,"2",801,48,"16.68",312380,l,1178,"1",""
"352",test,DV_020_C2_090_00,.jpg,"800",l,s l,"2","","","","","",ITI,"3",hide,Mismatch,present,"2",801,48,"16.68",314044,l,873,"1",""
"364",test,C2_076_DV_079_00,.jpg,"800",l,s l,"2","","","","","",ITI,"3",hide,Mismatch,present,"2",801,48,"16.68",316028,l,1188,"1",""
"348",test,C2_009_DV_033_00,.jpg,"800",l,s l,"2","","","","","",ITI,"3",hide,Mismatch,present,"2",801,48,"16.68",317996,l,1171,"1",""
"357",test,DV_067_C2_057_00,.jpg,"800",l,s l,"2","","","","","",ITI,"3",hide,Mismatch,present,"2",801,48,"16.68",320012,l,1219,"1",""
"335",test,DV_190_C2_190_00,.jpg,"800",s,s l,"2","","","","","",ITI,"3",hide,Match,present,"2",801,48,"16.68",321780,s,968,"1",""
"315",test,C2_080_DV_080_00,.jpg,"800",s,s l,"2","","","","","",ITI,"3",hide,Match,present,"2",801,48,"16.68",323996,s,1415,"1",""
"338",test,DV_200_C2_200_00,.jpg,"800",s,s l,"2","","","","","",ITI,"3",hide,Match,present,"2",801,48,"16.69",326492,s,1709,"1",""
"353",test,C2_222_DV_204_00,.jpg,"800",l,s l,"2","","","","","",ITI,"3",hide,Mismatch,present,"2",801,48,"16.68",328468,l,1183,"1",""
"346",test,C2_012_DV_245_00,.jpg,"800",l,s l,"2","","","","","",ITI,"3",hide,Mismatch,present,"2",801,48,"16.68",330516,l,1262,"1",""
"318",test,C2_032_DV_032_00,.jpg,"800",s,s l,"2","","","","","",ITI,"3",hide,Match,present,"2",801,48,"16.68",332892,s,1586,"1",""
"328",test,C2_040_DV_040_00,.jpg,"800",s,s l,"2","","","","","",ITI,"3",hide,Match,present,"2",801,48,"16.69",334684,s,992,"1",""
"362",test,C2_174_DV_183_00,.jpg,"800",l,s l,"2","","","","","",ITI,"3",hide,Mismatch,present,"2",801,48,"16.68",336604,l,1127,"1",""
"319",test,C2_182_DV_182_00,.jpg,"800",s,s l,"2","","","","","",ITI,"3",hide,Match,present,"2",801,48,"16.69",339052,s,1657,"1",""
"369",test,DV_078_C2_125_00,.jpg,"800",l,s l,"2","","","","","",ITI,"3",hide,Mismatch,present,"2",801,48,"16.68",340996,l,1148,"1",""
"366",test,C2_289_DV_039_00,.jpg,"800",l,s l,"2","","","","","",ITI,"3",hide,Mismatch,present,"2",801,48,"16.69",342668,l,885,"1",""
"333",test,DV_062_C2_062_00,.jpg,"800",s,s l,"2","","","","","",ITI,"3",hide,Match,present,"2",801,48,"16.68",344852,s,1384,"1",""
"351",test,DV_044_C2_240_00,.jpg,"800",l,s l,"2","","","","","",ITI,"3",hide,Mismatch,present,"2",801,48,"16.68",346636,l,999,"1",""
"316",test,C2_036_DV_036_00,.jpg,"800",s,s l,"2","","","","","",ITI,"3",hide,Match,present,"2",801,48,"16.68",348796,s,1374,"1",""
"320",test,DV_118_C2_118_00,.jpg,"800",s,s l,"2","","","","","",ITI,"3",hide,Match,present,"2",801,48,"16.68",350692,s,1101,"1",""
"332",test,C2_181_Dv_181_00,.jpg,"800",s,s l,"2","","","","","",ITI,"3",hide,Match,present,"2",801,48,"16.68",352636,l,1143,"0",""
"363",test,DV_129_C2_199_00,.jpg,"800",l,s l,"2","","","","","",ITI,"3",hide,Mismatch,present,"2",801,48,"16.68",354276,l,848,"1",""
"342",test,C2_140_DV_140_00,.jpg,"800",s,s l,"2","","","","","",ITI,"3",hide,Match,present,"2",801,48,"16.69",356644,l,1581,"0",""
"361",test,DV_007_C2_098_00,.jpg,"800",l,s l,"2","","","","","",ITI,"3",hide,Mismatch,present,"2",801,48,"16.68",358652,l,1220,"1",""
"330",test,C2_146_DV_146_00,.jpg,"800",s,s l,"2","","","","","",ITI,"3",hide,Match,present,"2",801,48,"16.68",360444,s,993,"1",""
"374",form,"","","","","","",How stressed did you feel during the previous task?,"-10 being completely relaxed, 0 being neither relaxed nor stressed, and +10 being extremely stressed",slider,-10_10_1,"1","","3","","",present,"",801,"","",369468,"2",8514,"0","2"