subjectGroup,browser,version,screenWidth,screenHeight,OS,OS_lang,GMT_timestamp,local_timestamp,trial_file_version,link,calibration,id,age,gender,ethnicity,duration_s
"3",Chrome,120.0.0.0,1920,1080,Windows,en-GB,2024-01-23_12:05:32,2024-01-23_12:05:32,2023-12-13_11:01:32,https://www.testable.org/experiment/14865/146518/start,0.58,sg25,"27",man,Hispanic or Latino,493.99

rowNo,type,stim1,stimFormat,ITI,key,keyboard,random,head,body,responseType,responseOptions,pageBreak,fixation,subjectGroup,cursor,identity condition,Time,time_block,ITI_ms,ITI_f,ITI_fDuration,timestamp,response,RT,correct,responseCode
"291",test,C2_011_DV_049_00,.jpg,"800",l,s l,"1","","","","","",ITI,"3",hide,Mismatch,absent,"1",801,48,"16.68",212810,l,1506,"1",""
"303",test,C2_108_DV_282_00,.jpg,"800",l,s l,"1","","","","","",ITI,"3",hide,Mismatch,absent,"1",801,48,"16.68",215042,s,1436,"0",""
"262",test,C2_172_DV_172_00,.jpg,"800",s,s l,"1","","","","","",ITI,"3",hide,Match,absent,"1",801,48,"16.68",216826,s,985,"1",""
"258",test,DV_167_C2_167_00,.jpg,"800",s,s l,"1","","","","","",ITI,"3",hide,Match,absent,"1",801,48,"16.68",218473,s,846,"1",""
"286",test,DV_024_C2_085_00,.jpg,"800",l,s l,"1","","","","","",ITI,"3",hide,Mismatch,absent,"1",801,48,"16.69",220627,l,1365,"1",""
"253",test,C2_014_DV_014_00,.jpg,"800",s,s l,"1","","","","","",ITI,"3",hide,Match,absent,"1",801,48,"16.68",222378,s,965,"1",""
"295",test,DV_114_C2_126_00,.jpg,"800",l,s l,"1","","","","","",ITI,"3",hide,Mismatch,absent,"1",801,48,"16.69",224441,s,1276,"0",""
"288",test,DV_295_C2_216_00,.jpg,"800",l,s l,"1","","","","","",ITI,"3",hide,Mismatch,absent,"1",801,48,"16.68",226858,s,1624,"0",""
"275",test,DV_147_C2_147_00,.jpg,"800",s,s l,"1","","","","","",ITI,"3",hide,Match,absent,"1",801,48,"16.69",228592,s,939,"1",""
"264",test,C2_247_DV_247_00,.jpg,"800",s,s l,"1","","","","","",ITI,"3",hide,Match,absent,"1",801,48,"16.69",230194,s,806,"1",""
"269",test,DV_127_C2_127_00,.jpg,"800",s,s l,"1","","","","","",ITI,"3",hide,Match,absent,"1",801,48,"16.68",231810,s,821,"1",""
"267",test,DV_041_C2_041_00,.jpg,"800",s,s l,"1","","","","","",ITI,"3",hide,Match,absent,"1",801,48,"16.69",233753,s,1146,"1",""
"259",test,DV_087_C2_087_00,.jpg,"800",s,s l,"1","","","","","",ITI,"3",hide,Match,absent,"1",801,48,"16.68",235322,s,779,"1",""
"260",test,DV_103_C2_103_00,.jpg,"800",s,s l,"1","","","","","",ITI,"3",hide,Match,absent,"1",801,48,"16.68",236842,s,731,"1",""
"297",test,DV_097_C2_007_00,.jpg,"800",l,s l,"1","","","","","",ITI,"3",hide,Mismatch,absent,"1",801,48,"16.69",239458,l,1828,"1",""
"296",test,C2_218_DV_109_00,.jpg,"800",l,s l,"1","","","","","",ITI,"3",hide,Mismatch,absent,"1",801,48,"16.68",241305,l,1056,"1",""
"255",test,C2_302_DV_302_00,.jpg,"800",s,s l,"1","","","","","",ITI,"3",hide,Match,absent,"1",801,48,"16.68",243275,s,1174,"1",""
"282",test,DV_091_C2_211_00,.jpg,"800",l,s l,"1","","","","","",ITI,"3",hide,Mismatch,absent,"1",801,48,"16.68",245522,l,1453,"1",""
"301",test,DV_219_C2_135_00,.jpg,"800",l,s l,"1","","","","","",ITI,"3",hide,Mismatch,absent,"1",801,48,"16.69",248690,l,2368,"1",""
"280",test,C2_243_DV_243_00,.jpg,"800",s,s l,"1","","","","","",ITI,"3",hide,Mismatch,absent,"1",801,48,"16.68",250634,s,1142,"1",""
"298",test,C2_261_DV_201_00,.jpg,"800",l,s l,"1","","","","","",ITI,"3",hide,Mismatch,absent,"1",801,48,"16.68",252874,l,1448,"1",""
"265",test,DV_046_C2_046_00,.jpg,"800",s,s l,"1","","","","","",ITI,"3",hide,Match,absent,"1",801,48,"16.69",254865,s,1203,"1",""
"306",test,C2_139_DV_120_00,.jpg,"800",l,s l,"1","","","","","",ITI,"3",hide,Mismatch,absent,"1",801,48,"16.68",258522,l,2858,"1",""
"292",test,C2_171_DV_185_00,.jpg,"800",l,s l,"1","","","","","",ITI,"3",hide,Mismatch,absent,"1",801,48,"16.68",260314,s,997,"0",""
"251",test,C2_113_DV_113_00,.jpg,"800",s,s l,"1","","","","","",ITI,"3",hide,Match,absent,"1",801,48,"16.69",261738,s,635,"1",""
"271",test,DV_141_C2_141_00,.jpg,"800",s,s l,"1","","","","","",ITI,"3",hide,Match,absent,"1",801,48,"16.69",263130,l,593,"0",""
"277",test,DV_027_C2_027_00,.jpg,"800",s,s l,"1","","","","","",ITI,"3",hide,Match,absent,"1",801,48,"16.68",264722,l,800,"0",""
"293",test,C2_123_DV_223_00,.jpg,"800",l,s l,"1","","","","","",ITI,"3",hide,Mismatch,absent,"1",801,48,"16.69",266835,s,1328,"0",""
"302",test,DV_170_C2_270_00,.jpg,"800",l,s l,"1","","","","","",ITI,"3",hide,Mismatch,absent,"1",801,48,"16.68",268842,l,1215,"1",""
"274",test,DV_089_C2_089_00,.jpg,"800",s,s l,"1","","","","","",ITI,"3",hide,Match,absent,"1",801,48,"16.68",270585,s,958,"1",""
"261",test,C2_034_DV_034_00,.jpg,"800",s,s l,"1","","","","","",ITI,"3",hide,Match,absent,"1",801,48,"16.69",272378,l,998,"0",""
"272",test,DV_100_C2_100_00,.jpg,"800",s,s l,"1","","","","","",ITI,"3",hide,Match,absent,"1",801,48,"16.69",274242,s,1077,"1",""
"308",test,C2_205_DV_048_00,.jpg,"800",l,s l,"1","","","","","",ITI,"3",hide,Mismatch,absent,"1",801,48,"16.68",275674,s,641,"0",""
"309",test,C2_265_DV_287_00,.jpg,"800",l,s l,"1","","","","","",ITI,"3",hide,Mismatch,absent,"1",801,48,"16.69",277139,s,670,"0",""
"279",test,C2_257_DV_257_00,.jpg,"800",s,s l,"1","","","","","",ITI,"3",hide,Match,absent,"1",801,48,"16.69",278562,s,626,"1",""
"263",test,C2_155_DV_155_00,.jpg,"800",s,s l,"1","","","","","",ITI,"3",hide,Match,absent,"1",801,48,"16.69",279961,s,607,"1",""
"268",test,C2_256_DV_256_00,.jpg,"800",s,s l,"1","","","","","",ITI,"3",hide,Match,absent,"1",801,48,"16.69",281330,s,575,"1",""
"252",test,DV_015_C2_015_00,.jpg,"800",s,s l,"1","","","","","",ITI,"3",hide,Match,absent,"1",801,48,"16.68",282618,s,494,"1",""
"281",test,C2_075_DV_074_00,.jpg,"800",l,s l,"1","","","","","",ITI,"3",hide,Mismatch,absent,"1",801,48,"16.68",284449,s,1041,"0",""
"284",test,C2_031_DV_083_00,.jpg,"800",l,s l,"1","","","","","",ITI,"3",hide,Mismatch,absent,"1",801,48,"16.69",285970,s,726,"0",""
"256",test,C2_293_DV_293_00,.jpg,"800",s,s l,"1","","","","","",ITI,"3",hide,Match,absent,"1",801,48,"16.69",287338,s,576,"1",""
"278",test,C2_194_DV_194_00,.jpg,"800",s,s l,"1","","","","","",ITI,"3",hide,Match,absent,"1",801,48,"16.68",288785,s,656,"1",""
"270",test,DV_137_C2_137_00,.jpg,"800",s,s l,"1","","","","","",ITI,"3",hide,Match,absent,"1",801,48,"16.68",290081,s,499,"1",""
"294",test,C2_246_DV_160_00,.jpg,"800",l,s l,"1","","","","","",ITI,"3",hide,Mismatch,absent,"1",801,48,"16.69",291362,s,496,"0",""
"307",test,DV_094_C2_022_00,.jpg,"800",l,s l,"1","","","","","",ITI,"3",hide,Mismatch,absent,"1",801,48,"16.69",292818,s,667,"0",""
"254",test,C2_045_DV_045_00,.jpg,"800",s,s l,"1","","","","","",ITI,"3",hide,Match,absent,"1",801,48,"16.68",294106,s,487,"1",""
"257",test,C2_152_DV_152_00,.jpg,"800",s,s l,"1","","","","","",ITI,"3",hide,Match,absent,"1",801,48,"16.68",295747,s,843,"1",""
"287",test,C2_099_DV_025_00,.jpg,"800",l,s l,"1","","","","","",ITI,"3",hide,Mismatch,absent,"1",801,48,"16.68",296978,s,440,"0",""
"266",test,C2_207_DV_207_00,.jpg,"800",s,s l,"1","","","","","",ITI,"3",hide,Match,absent,"1",801,48,"16.68",298635,s,862,"1",""
"290",test,DV_178_C2_060_00,.jpg,"800",l,s l,"1","","","","","",ITI,"3",hide,Mismatch,absent,"1",801,48,"16.68",300625,l,1199,"1",""
"300",test,DV_215_C2_050_00,.jpg,"800",l,s l,"1","","","","","",ITI,"3",hide,Mismatch,absent,"1",801,48,"16.68",302585,l,1175,"1",""
"285",test,DV_052_C2_264_00,.jpg,"800",l,s l,"1","","","","","",ITI,"3",hide,Mismatch,absent,"1",801,48,"16.68",304330,s,951,"0",""
"304",test,DV_154_C2_042_00,.jpg,"800",l,s l,"1","","","","","",ITI,"3",hide,Mismatch,absent,"1",801,48,"16.68",305874,l,744,"1",""
"273",test,C2_153_DV_153_00,.jpg,"800",s,s l,"1","","","","","",ITI,"3",hide,Match,absent,"1",801,48,"16.68",307985,l,1320,"0",""
"289",test,DV_143_C2_132_00,.jpg,"800",l,s l,"1","","","","","",ITI,"3",hide,Mismatch,absent,"1",801,48,"16.68",309699,l,915,"1",""
"283",test,C2_003_DV_018_00,.jpg,"800",l,s l,"1","","","","","",ITI,"3",hide,Mismatch,absent,"1",801,48,"16.68",311441,l,955,"1",""
"310",test,C2_242_DV_254_00,.jpg,"800",l,s l,"1","","","","","",ITI,"3",hide,Mismatch,absent,"1",801,48,"16.69",313506,l,1269,"1",""
"305",test,DV_231_C2_259_00,.jpg,"800",l,s l,"1","","","","","",ITI,"3",hide,Mismatch,absent,"1",801,48,"16.68",315034,s,729,"0",""
"299",test,DV_208_C2_206_00,.jpg,"800",l,s l,"1","","","","","",ITI,"3",hide,Mismatch,absent,"1",801,48,"16.68",316930,l,1106,"1",""
"276",test,C2_157_DV_157_00,.jpg,"800",s,s l,"1","","","","","",ITI,"3",hide,Match,absent,"1",801,48,"16.69",318594,l,868,"0",""
"311",form,"","","","","","",How stressed did you feel during the previous task?,"-10 being completely relaxed, 0 being neither relaxed nor stressed, and +10 being extremely stressed",slider,-10_10_1,"1","","3","","",absent,"",801,"","",339116,-10,20000,"0",-10
"346",test,C2_012_DV_245_00,.jpg,"800",l,s l,"2","","","","","",ITI,"3",hide,Mismatch,present,"2",801,48,"16.68",372603,l,3208,"1",""
"362",test,C2_174_DV_183_00,.jpg,"800",l,s l,"2","","","","","",ITI,"3",hide,Mismatch,present,"2",801,48,"16.69",374570,l,1172,"1",""
"345",test,C2_038_DV_081_00,.jpg,"800",l,s l,"2","","","","","",ITI,"3",hide,Mismatch,present,"2",801,48,"16.69",376522,l,1155,"1",""
"366",test,C2_289_DV_039_00,.jpg,"800",l,s l,"2","","","","","",ITI,"3",hide,Mismatch,present,"2",801,48,"16.68",378498,s,1179,"0",""
"350",test,DV_203_C2_277_00,.jpg,"800",l,s l,"2","","","","","",ITI,"3",hide,Mismatch,present,"2",801,48,"16.69",380409,l,1121,"1",""
"326",test,DV_064_C2_064_00,.jpg,"800",s,s l,"2","","","","","",ITI,"3",hide,Match,present,"2",801,48,"16.68",382241,l,1034,"0",""
"363",test,DV_129_C2_199_00,.jpg,"800",l,s l,"2","","","","","",ITI,"3",hide,Mismatch,present,"2",801,48,"16.68",384306,s,1265,"0",""
"334",test,C2_131_DV_131_00,.jpg,"800",s,s l,"2","","","","","",ITI,"3",hide,Match,present,"2",801,48,"16.69",385882,s,788,"1",""
"364",test,C2_076_DV_079_00,.jpg,"800",l,s l,"2","","","","","",ITI,"3",hide,Mismatch,present,"2",801,48,"16.68",387850,l,1172,"1",""
"361",test,DV_007_C2_098_00,.jpg,"800",l,s l,"2","","","","","",ITI,"3",hide,Mismatch,present,"2",801,48,"16.68",390857,l,2211,"1",""
"359",test,C2_288_DV_255_00,.jpg,"800",l,s l,"2","","","","","",ITI,"3",hide,Mismatch,present,"2",801,48,"16.68",393722,l,2073,"1",""
"360",test,C2_095_DV_229_00,.jpg,"800",l,s l,"2","","","","","",ITI,"3",hide,Mismatch,present,"2",801,48,"16.69",395417,l,897,"1",""
"373",test,DV_013_C2_235_00,.jpg,"800",l,s l,"2","","","","","",ITI,"3",hide,Mismatch,present,"2",801,48,"16.68",397049,l,844,"1",""
"333",test,DV_062_C2_062_00,.jpg,"800",s,s l,"2","","","","","",ITI,"3",hide,Match,present,"2",801,48,"16.69",398929,s,1090,"1",""
"332",test,C2_181_Dv_181_00,.jpg,"800",s,s l,"2","","","","","",ITI,"3",hide,Match,present,"2",801,48,"16.68",400465,s,740,"1",""
"352",test,DV_020_C2_090_00,.jpg,"800",l,s l,"2","","","","","",ITI,"3",hide,Mismatch,present,"2",801,48,"16.68",402315,l,1056,"1",""
"325",test,C2_112_DV_112_00,.jpg,"800",s,s l,"2","","","","","",ITI,"3",hide,Match,present,"2",801,48,"16.68",404922,s,1812,"1",""
"327",test,DV_004_C2_004_00,.jpg,"800",s,s l,"2","","","","","",ITI,"3",hide,Match,present,"2",801,48,"16.68",406442,s,728,"1",""
"337",test,C2_105_DV_105_00,.jpg,"800",s,s l,"2","","","","","",ITI,"3",hide,Match,present,"2",801,48,"16.68",407922,s,690,"1",""
"347",test,C2_035_DV_019_00,.jpg,"800",l,s l,"2","","","","","",ITI,"3",hide,Mismatch,present,"2",801,48,"16.68",409570,s,853,"0",""
"318",test,C2_032_DV_032_00,.jpg,"800",s,s l,"2","","","","","",ITI,"3",hide,Match,present,"2",801,48,"16.68",411057,s,688,"1",""
"349",test,C2_179_DV_021_00,.jpg,"800",l,s l,"2","","","","","",ITI,"3",hide,Mismatch,present,"2",801,48,"16.68",412507,s,653,"0",""
"338",test,DV_200_C2_200_00,.jpg,"800",s,s l,"2","","","","","",ITI,"3",hide,Match,present,"2",801,48,"16.68",414001,s,696,"1",""
"340",test,C2_071_DV_071_00,.jpg,"800",s,s l,"2","","","","","",ITI,"3",hide,Match,present,"2",801,48,"16.68",415586,s,796,"1",""
"372",test,C2_077_DV_133_00,.jpg,"800",l,s l,"2","","","","","",ITI,"3",hide,Mismatch,present,"2",801,48,"16.68",417786,s,1413,"0",""
"320",test,DV_118_C2_118_00,.jpg,"800",s,s l,"2","","","","","",ITI,"3",hide,Match,present,"2",801,48,"16.69",419449,s,872,"1",""
"358",test,C2_023_DV_304_00,.jpg,"800",l,s l,"2","","","","","",ITI,"3",hide,Mismatch,present,"2",801,48,"16.69",420914,s,669,"0",""
"336",test,C2_260_DV_260_00,.jpg,"800",s,s l,"2","","","","","",ITI,"3",hide,Match,present,"2",801,48,"16.68",422731,s,1017,"1",""
"353",test,C2_222_DV_204_00,.jpg,"800",l,s l,"2","","","","","",ITI,"3",hide,Mismatch,present,"2",801,48,"16.68",425786,s,2255,"0",""
"344",test,DV_059_C2_055_00,.jpg,"800",l,s l,"2","","","","","",ITI,"3",hide,Mismatch,present,"2",801,48,"16.69",427290,s,706,"0",""
"343",test,C2_290_DV_290_00,.jpg,"800",s,s l,"2","","","","","",ITI,"3",hide,Mismatch,present,"2",801,48,"16.68",428761,s,674,"1",""
"355",test,C2_070_DV_128_00,.jpg,"800",l,s l,"2","","","","","",ITI,"3",hide,Mismatch,present,"2",801,48,"16.68",430265,s,711,"0",""
"331",test,C2_271_DV_271_00,.jpg,"800",s,s l,"2","","","","","",ITI,"3",hide,Match,present,"2",801,48,"16.68",431833,s,778,"1",""
"367",test,C2_051_DV_238_00,.jpg,"800",l,s l,"2","","","","","",ITI,"3",hide,Mismatch,present,"2",801,48,"16.68",434019,l,1394,"1",""
"371",test,DV_237_C2_297_00,.jpg,"800",l,s l,"2","","","","","",ITI,"3",hide,Mismatch,present,"2",801,48,"16.68",436282,l,1472,"1",""
"351",test,DV_044_C2_240_00,.jpg,"800",l,s l,"2","","","","","",ITI,"3",hide,Mismatch,present,"2",801,48,"16.68",438738,l,1659,"1",""
"369",test,DV_078_C2_125_00,.jpg,"800",l,s l,"2","","","","","",ITI,"3",hide,Mismatch,present,"2",801,48,"16.69",440609,l,1077,"1",""
"315",test,C2_080_DV_080_00,.jpg,"800",s,s l,"2","","","","","",ITI,"3",hide,Match,present,"2",801,48,"16.69",442241,s,842,"1",""
"341",test,DV_166_C2_166_00,.jpg,"800",s,s l,"2","","","","","",ITI,"3",hide,Match,present,"2",801,48,"16.68",443914,s,880,"1",""
"321",test,C2_294_DV_294_00,.jpg,"800",s,s l,"2","","","","","",ITI,"3",hide,Match,present,"2",801,48,"16.68",445393,s,690,"1",""
"317",test,C2_053_DV_053_00,.jpg,"800",s,s l,"2","","","","","",ITI,"3",hide,Match,present,"2",801,48,"16.68",446858,s,670,"1",""
"330",test,C2_146_DV_146_00,.jpg,"800",s,s l,"2","","","","","",ITI,"3",hide,Match,present,"2",801,48,"16.69",448225,s,568,"1",""
"329",test,C2_258_DV_258_00,.jpg,"800",s,s l,"2","","","","","",ITI,"3",hide,Match,present,"2",801,48,"16.68",449986,s,962,"1",""
"339",test,DV_008_C2_008_00,.jpg,"800",s,s l,"2","","","","","",ITI,"3",hide,Match,present,"2",801,48,"16.69",451945,s,1169,"1",""
"354",test,C2_092_DV_227_00,.jpg,"800",l,s l,"2","","","","","",ITI,"3",hide,Mismatch,present,"2",801,48,"16.68",453442,s,699,"0",""
"319",test,C2_182_DV_182_00,.jpg,"800",s,s l,"2","","","","","",ITI,"3",hide,Match,present,"2",801,48,"16.68",455401,s,1171,"1",""
"324",test,C2_142_DV_142_00,.jpg,"800",s,s l,"2","","","","","",ITI,"3",hide,Match,present,"2",801,48,"16.68",457339,s,1141,"1",""
"335",test,DV_190_C2_190_00,.jpg,"800",s,s l,"2","","","","","",ITI,"3",hide,Match,present,"2",801,48,"16.69",459209,s,1076,"1",""
"322",test,C2_291_DV_291_00,.jpg,"800",s,s l,"2","","","","","",ITI,"3",hide,Match,present,"2",801,48,"16.68",461065,s,1063,"1",""
"365",test,DV_299_C2_111_00,.jpg,"800",l,s l,"2","","","","","",ITI,"3",hide,Mismatch,present,"2",801,48,"16.68",463346,l,1492,"1",""
"328",test,C2_040_DV_040_00,.jpg,"800",s,s l,"2","","","","","",ITI,"3",hide,Match,present,"2",801,48,"16.68",465185,s,1046,"1",""
"356",test,DV_130_C2_253_00,.jpg,"800",l,s l,"2","","","","","",ITI,"3",hide,Mismatch,present,"2",801,48,"16.68",467923,l,1948,"1",""
"370",test,C2_037_DV_030_00,.jpg,"800",l,s l,"2","","","","","",ITI,"3",hide,Mismatch,present,"2",801,48,"16.68",469825,s,1114,"0",""
"348",test,C2_009_DV_033_00,.jpg,"800",l,s l,"2","","","","","",ITI,"3",hide,Mismatch,present,"2",801,48,"16.68",472874,l,2262,"1",""
"357",test,DV_067_C2_057_00,.jpg,"800",l,s l,"2","","","","","",ITI,"3",hide,Mismatch,present,"2",801,48,"16.68",475178,l,1514,"1",""
"323",test,C2_226_DV_226_00,.jpg,"800",s,s l,"2","","","","","",ITI,"3",hide,Match,present,"2",801,48,"16.68",476906,s,938,"1",""
"342",test,C2_140_DV_140_00,.jpg,"800",s,s l,"2","","","","","",ITI,"3",hide,Match,present,"2",801,48,"16.68",479219,s,1517,"1",""
"314",test,DV_002_C2_002_00,.jpg,"800",s,s l,"2","","","","","",ITI,"3",hide,Match,present,"2",801,48,"16.68",481145,s,1140,"1",""
"316",test,C2_036_DV_036_00,.jpg,"800",s,s l,"2","","","","","",ITI,"3",hide,Match,present,"2",801,48,"16.68",482850,s,909,"1",""
"368",test,DV_303_C2_217_00,.jpg,"800",l,s l,"2","","","","","",ITI,"3",hide,Mismatch,present,"2",801,48,"16.68",484817,s,1175,"0",""
"374",form,"","","","","","",How stressed did you feel during the previous task?,"-10 being completely relaxed, 0 being neither relaxed nor stressed, and +10 being extremely stressed",slider,-10_10_1,"1","","3","","",present,"",801,"","",489657,-10,4333,"0",-10